Data,Alg.,adj_Patn,adj_maxf1,adj_ap,auc,AMI,ireos_java,decision_tree_native,decision_tree_sklearn,random_forest_native,random_forest_sklearn,liblinear,xgboost_tree,xgboost_dart,xgboost_linear,libsvm
complex_5,sdo,0.8508771241830065,0.8605474358974359,0.8534293925284384,0.9952124183006535,0.6823208997374072,0.4418,0.5530949612490603,0.9748363799165396,0.5005070144400264,0.2428279280430977,0.0032940537374552,0.147016613147512,0.0975632330987708,0.045256788508111,0.3171416280802712
complex_5,abod,0.8127294117647058,0.8510596491228071,0.822843587350535,0.9934196078431372,0.6211006232032203,0.73391,0.513734677860138,0.9273212923574012,0.5056673988845638,0.1734285896286835,0.0013862128918416,0.1261767728364287,0.0435101316864315,0.0101447458055881,0.0805288190194329
complex_5,hbos,0.4902078431372549,0.5684224379719525,0.4487627366868181,0.9652235294117646,0.2517262321631161,0.64468,0.5278525298946553,0.9442778877121932,0.5031909507581656,0.1994024740905687,0.0018210398464252,0.1334812817188364,0.0641601652793312,0.0211333882229155,0.1655081433295895
complex_5,iforest,0.7503058823529412,0.7901752489331437,0.7706297405389034,0.9901450980392156,0.5350654547332739,0.58601,0.536271126338912,0.9593194135598504,0.5018370586256334,0.2144662025294125,0.0023106635665458,0.1377740773081726,0.0753128560051569,0.0287111558832883,0.211900424654827
complex_5,knn,0.9028967320261436,0.9259627906976744,0.8614543527954178,0.9966699346405228,0.7193313501974613,0.51387,0.5515703232067841,0.9731748212451332,0.500883267279857,0.2398109609251462,0.0031308577688532,0.1460925466377828,0.0954784088717886,0.0426810530188404,0.3157256923288172
complex_5,lof,0.1988980392156862,0.2597482926829268,0.4985735311496666,0.6564901960784313,0.0578229894944288,0.03754,0.5510364498688113,0.9832946547104774,0.5127709393717685,0.2245109699876091,0.0015292118129492,0.1456006824721826,0.0944846969771767,0.0171084347425688,0.3664650052883621
complex_5,ocsvm,0.7849856209150328,0.8076374622356495,0.8063236515984147,0.991918954248366,0.5827138940288802,0.68528,0.5468751037695819,0.9725021438215948,0.5007294816770729,0.2325774401222467,0.0028048037505413,0.1434946723609762,0.0904002058240308,0.037553888494857,0.2820069904722537
