Data,Alg.,adj_Patn,adj_maxf1,adj_ap,auc,AMI,ireos_java,decision_tree_native,decision_tree_sklearn,random_forest_native,random_forest_sklearn,liblinear,xgboost_tree,xgboost_dart,xgboost_linear,libsvm
complex_11,sdo,0.7019647416413374,0.771030179028133,0.574178183027457,0.98469179331307,0.4704117476108381,0.25176,0.5261282151510597,0.9879083631954686,0.5009657344280583,0.1825766246835138,0.0021445074119584,0.1313744072507153,0.0582972054657662,0.0230920388265436,0.1738418921839625
complex_11,abod,0.6080188449848024,0.7226351807228916,0.4765131204228986,0.9776273556231004,0.3759564657623014,0.76654,0.5099988649652527,0.9786360756082328,0.5033026173937523,0.1614077827342955,0.0015412407328704,0.1230830645382937,0.0368354999695966,0.0073318056007949,0.0606229883558669
complex_11,hbos,0.3618158054711246,0.4300848952590959,0.2759064183539187,0.9155939209726444,0.1479315978016175,0.42664,0.5174189071717986,0.9866219547856804,0.5012659654111349,0.1711688285002721,0.0018355422438026,0.1266765694275043,0.0476182601129051,0.0137750741773296,0.104597233038315
complex_11,iforest,0.5140729483282674,0.5906442906574395,0.4567642999142552,0.9627331306990882,0.2704814055678412,0.46036,0.519935933668061,0.9868898501071406,0.501893849408234,0.1759895404660303,0.0019227341153934,0.1279081857737418,0.0515745782860804,0.015853797760615,0.1271091361738823
complex_11,knn,0.7214018237082067,0.8009565562913907,0.5439143346925,0.9857939209726444,0.4463181325847717,0.22315,0.5271708875451087,0.9875718131552096,0.5007307182462941,0.1841606624262391,0.0021852647879284,0.1319976997251167,0.0593805410181972,0.024540898903229,0.1803187462034325
complex_11,lof,0.1706844984802431,0.1877572580645161,0.3713718023375679,0.5603465045592706,0.0465014016064004,0.20011,0.5131321997802536,0.9724299372790144,0.5026111252169253,0.1660544811442211,0.0019701654379353,0.1248985563989628,0.0404030756763938,0.0110912794608464,0.0729957750368741
complex_11,ocsvm,0.481677811550152,0.5617642236024845,0.3955341639481719,0.9558662613981764,0.2416554190189934,0.54934,0.5191589794168665,0.9829591082541198,0.5023778784419778,0.1751415370599783,0.0018672058553312,0.127680254784894,0.0503324558797238,0.0152703540106091,0.1224086882387324
