Data,Alg.,adj_Patn,adj_maxf1,adj_ap,auc,AMI,ireos_java,decision_tree_native,decision_tree_sklearn,random_forest_native,random_forest_sklearn,liblinear,xgboost_tree,xgboost_dart,xgboost_linear,libsvm
complex_10,sdo,0.998373466476462,0.998373466476462,0.9999930291325578,0.9999985734664764,0.9919665828260578,0.59714,0.5551718750772702,0.9921527905592622,0.4981834687658982,0.223011885206074,0.0030247918694148,0.1476782922127815,0.1065377368573817,0.0485692568917196,0.4778248858005914
complex_10,abod,0.9869877318116976,0.990296170212766,0.9966391726531048,0.999656490727532,0.948855684613179,0.71484,0.5166613360459988,0.9257334017410782,0.5024011533239414,0.1571239146024281,0.0014599524070771,0.1280472908407903,0.0503110585924498,0.0134594296110313,0.133731343763878
complex_10,hbos,0.7966833095577744,0.833918037735849,0.9575897516922194,0.9765212553495006,0.5702123857537368,0.67308,0.5235829293460683,0.9787889322312882,0.501373582670134,0.1802371765082907,0.0016102870646615,0.13026810124778,0.0574652295593009,0.0169182265746462,0.1676590375482033
complex_10,iforest,0.9821081312410842,0.9846246983676364,0.9993707128192384,0.9998639087018544,0.9365030893053876,0.67638,0.5296984005044283,0.9725817976451928,0.500242264385931,0.1869853160482444,0.0019341195677574,0.1337697439889961,0.0675879057551448,0.0237590447506791,0.228331766714623
complex_10,knn,1.0,1.0,1.0,1.0,1.0,0.65528,0.5537531609951235,0.9892838192318676,0.4981397775149485,0.2203305329081004,0.0029576814631084,0.1469209480564866,0.104606278751764,0.0472968669898916,0.4721467832874066
complex_10,lof,0.3396273894436519,0.4870265848670756,0.7409444684067632,0.7444910128388018,0.1351709382070254,0.07724,0.5480526706133284,0.9882045914573084,0.5025169832867236,0.2147439919442086,0.0024491546919743,0.1449086678987206,0.0964837305549413,0.0409164496775391,0.4653632022458637
complex_10,ocsvm,0.9723489300998572,0.9731430406852248,0.9985380035144564,0.9975221112696148,0.908873880199094,0.6071,0.5266382143759419,0.9335647340360756,0.5007244866081751,0.1738652753661943,0.0019434073430386,0.13352210427324,0.0654303267924346,0.0238844897853375,0.2176027072896272
