Data,Alg.,adj_Patn,adj_maxf1,adj_ap,auc,AMI,ireos_java,decision_tree_native,decision_tree_sklearn,random_forest_native,random_forest_sklearn,liblinear,xgboost_tree,xgboost_dart,xgboost_linear,libsvm
complex_15,sdo,1.0,1.0,1.0,1.0,1.0,0.66537,0.5326384887863006,0.9798389837000542,0.4945385876003328,0.2218956766241951,0.0017754335671304,0.1347935668298358,0.0724337740241196,0.0050462090935902,0.0234303899285354
complex_15,abod,1.0,1.0,1.0,1.0,0.9890697016924294,0.79942,0.5056354530746734,0.8692816805899078,0.50292397067357,0.1548881888020859,0.0021161233139328,0.1235124008854601,0.0378228279117263,0.0014675451839234,0.0055015708119412
complex_15,hbos,0.7706560975609756,0.8689988165680473,0.9733844246101672,0.974698475609756,0.7345153309977178,0.69423,0.516263661178396,0.9547668339447226,0.5012943172909986,0.1863807596110555,0.0045819997623034,0.1262510935267115,0.0469223348835113,0.0023628531486131,0.0086739705812695
complex_15,iforest,1.0,1.0,1.0,1.0,1.0,0.7522,0.5188043186150401,0.9458674131578264,0.4997671161078411,0.1932412852481087,0.0037208675221034,0.1278922233989086,0.0523060964049414,0.0029062216851776,0.0117364958924142
complex_15,knn,1.0,1.0,1.0,1.0,1.0,0.70316,0.5317917431103659,0.977381365988642,0.4952417671107173,0.2187408558462506,0.0018030706029901,0.134357182364892,0.0711208270097718,0.0047468346417501,0.0228373667832857
complex_15,lof,0.0308926829268292,0.1367157894736842,0.3386496202542677,0.3684509146341463,0.0025713594235395,0.04462,0.512371997634225,0.9504050086477022,0.5110679833464533,0.1925179599086731,0.0014128802842442,0.1241711331177074,0.0493151616554681,0.0010744615057909,0.0136642989206694
complex_15,ocsvm,0.9068829268292684,0.9495643312101912,0.9957486362426416,0.9899060975609756,0.7610829018071232,0.66455,0.5217111348617466,0.9361681259373934,0.4989548971435015,0.2043281346107315,0.0047208757271265,0.1298592821953625,0.0571443525254505,0.0036247820728323,0.0148476024792825
