Data,Alg.,adj_Patn,adj_maxf1,adj_ap,auc,AMI,ireos_java,decision_tree_native,decision_tree_sklearn,random_forest_native,random_forest_sklearn,liblinear,xgboost_tree,xgboost_dart,xgboost_linear,libsvm
complex_13,sdo,0.9229741007194244,0.9334714989444054,0.8635934962051381,0.994330071942446,0.7925749916149637,0.41164,0.5353014469954464,0.9841831961906734,0.4978590332832414,0.1908929753497268,0.0030062712220618,0.1354334870356944,0.0739621668440075,0.0361093577402852,0.3101943740666317
complex_13,abod,0.9016690647482014,0.928227397260274,0.879194920176861,0.993271654676259,0.7211892296055863,0.76997,0.5120679729270495,0.9393404883062156,0.5027889662418856,0.1360475078125018,0.0015882926112307,0.1246728512280321,0.0431343932332954,0.01098673252082,0.1028764827208864
complex_13,hbos,0.6296201438848921,0.6507646310432569,0.6199718195781811,0.948239712230216,0.3565743556872072,0.41605,0.5194914535416342,0.9455513129413624,0.5025060639866307,0.1465004756694483,0.0019639511154672,0.1282684910281805,0.0531675905968879,0.0181857508741336,0.1503492661552422
complex_13,iforest,0.8049769784172661,0.8490301837270342,0.81195385887994,0.985951942446043,0.5830821702722301,0.54804,0.526221115604105,0.969667728009193,0.5004066431248706,0.1681981738613197,0.0024749365524569,0.1308919357092636,0.0627668769275777,0.0252634608735439,0.2116931362106788
complex_13,knn,0.9377237410071942,0.9584073033707864,0.8690761387327184,0.99543654676259,0.7972316114994074,0.40131,0.5353528162399591,0.9842698273299918,0.4975173561961686,0.1908112983451932,0.0029477925387224,0.1355060789494613,0.0740619658155957,0.036068091476202,0.3189373078181522
complex_13,lof,0.0724115107913669,0.1310046029919447,0.369068287917358,0.4412307913669064,0.0085507204825552,0.01577,0.5315726125765085,0.9693355950436928,0.5171870255123899,0.1840305543194015,0.00157387010541,0.1316429966348696,0.062816706935535,0.0113150038936596,0.2281936354028288
complex_13,ocsvm,0.7869496402877698,0.8010802069857698,0.7389160234285663,0.9749341007194244,0.5560500005089927,0.43944,0.5234910699361732,0.944559584490141,0.5012017019791012,0.1606751687673112,0.002309328309387,0.1305867936925195,0.0587188921488644,0.0246517807131575,0.1805107908729953
