Data,Alg.,adj_Patn,adj_maxf1,adj_ap,auc,AMI,ireos_java,decision_tree_native,decision_tree_sklearn,random_forest_native,random_forest_sklearn,liblinear,xgboost_tree,xgboost_dart,xgboost_linear,libsvm
complex_20,sdo,0.9074378600823044,0.9277164208456244,0.8623321523931542,0.9951559670781892,0.7694569904662224,0.31725,0.5530186236904983,0.9864739379210414,0.5003116047844589,0.2133637826162984,0.0051885337870465,0.146762566710343,0.1013516818982375,0.0839912039261721,0.2761274929907042
complex_20,abod,0.8284213991769548,0.8685043144774688,0.7781716443890405,0.990054732510288,0.6166485409134106,0.74888,0.5156188627838413,0.9334871966164368,0.5037411958479355,0.1229695047075349,0.0017494112764993,0.1271085794483876,0.0473386920763393,0.0224195308025797,0.0951961868819451
complex_20,hbos,0.6997374485596707,0.7359475238922676,0.6666212093018793,0.9775209876543208,0.4523653292559994,0.54497,0.5366267791645672,0.9802325912128472,0.5019595173990213,0.1774041024862864,0.0034507900857193,0.1375939675447542,0.0781150124432282,0.053528121793393,0.2013071311215858
complex_20,iforest,0.8351942386831275,0.8618030534351144,0.8157154509460914,0.9910695473251028,0.6425727419805729,0.50897,0.5389409594314002,0.9731306609334937,0.5023625042542332,0.1819713043612241,0.0037827055814969,0.1390664469359455,0.0817982260066851,0.0597460548798548,0.2097859436574614
complex_20,knn,0.918725925925926,0.9465046766169154,0.8638413377507584,0.9956012345679012,0.7660162361434084,0.32067,0.5532785420746791,0.9869074787888388,0.5001514748592268,0.2136463306893243,0.0053586888778343,0.1468632368833749,0.1017239486733074,0.0835383025580094,0.2793307451654072
complex_20,lof,0.1195308641975308,0.1470154838709677,0.3781138063311288,0.4791662551440329,0.0224232263178874,0.0513,0.5287520574001319,0.9384345239079116,0.5032313873000758,0.1394509797892994,0.0075391113575578,0.1348263377863041,0.063004655601965,0.0334237443180954,0.1594616725672517
complex_20,ocsvm,0.8509975308641975,0.8762079074252651,0.8196422255864946,0.9921119341563788,0.6683902247362131,0.55621,0.5368034788793973,0.9541270676089456,0.5016740162374201,0.1716714311784108,0.0035694472074297,0.1384700582381679,0.079171972659533,0.0568069988796457,0.1980504518538182
