Data,Alg.,adj_Patn,adj_maxf1,adj_ap,auc,AMI,ireos_java,decision_tree_native,decision_tree_sklearn,random_forest_native,random_forest_sklearn,liblinear,xgboost_tree,xgboost_dart,xgboost_linear,libsvm
complex_6,sdo,0.9799529411764706,0.9826501818181818,0.9987374204816436,0.9997826470588236,0.9304413724494652,0.56726,0.5368413109286255,0.9872839741118644,0.499951779549003,0.3060594733794441,0.0018435548598073,0.1373452415589813,0.0777458845185302,0.0251911748418383,0.3375324389481864
complex_6,abod,0.9699294117647058,0.9768163265306122,0.9802235692872362,0.9989252941176472,0.8836454330884014,0.78558,0.5129854961206481,0.9564947810985058,0.5036106526012489,0.2704150053797717,0.0013939863750202,0.1249542983994996,0.0424035577155832,0.0073327546577979,0.0922461141637759
complex_6,hbos,0.5756705882352942,0.6278733448474382,0.6466519066239907,0.9454967647058824,0.3012692042523968,0.62554,0.5210595108640307,0.9740222131056612,0.5028035384137337,0.2793846310949039,0.0017516529841343,0.128807218003592,0.0540066535902895,0.012104843011571,0.1483474173749508
complex_6,iforest,0.8446352941176472,0.8558866052445074,0.9355964716662348,0.9911508823529412,0.6471671026965531,0.65138,0.5240035533170194,0.9749493347077508,0.5020941257988484,0.2831897456448317,0.0017204526767785,0.1303336364632616,0.0588003845745946,0.0147426054021616,0.1838033557829009
complex_6,knn,0.9949882352941176,0.995832721936904,0.999475115128242,0.999934411764706,0.9786013557383656,0.59199,0.5368884347942411,0.9873969520151824,0.4997703728396371,0.3074590905444237,0.0018669563470777,0.1373387067356927,0.077871428477963,0.0253251370804502,0.3461156444247018
complex_6,lof,0.1329647058823529,0.1952818280739934,0.4582992703517526,0.5766005882352941,0.0257079402417425,0.0555,0.5175544606889366,0.976934221066208,0.5077762277047305,0.2947308471715437,0.0016491521611179,0.1263926061550649,0.0496387169642253,0.0093373885372347,0.1956668242300966
complex_6,ocsvm,0.8195764705882354,0.8224739545121056,0.9360537002630344,0.9785602941176472,0.6064985752406139,0.56897,0.5185003342103286,0.9602911201055708,0.502600922315036,0.2796025067109145,0.0014980051976015,0.1280128582763013,0.0502571959612221,0.0116919289941766,0.1361628328751377
