Data,Alg.,adj_Patn,adj_maxf1,adj_ap,auc,AMI,ireos_java,decision_tree_native,decision_tree_sklearn,random_forest_native,random_forest_sklearn,liblinear,xgboost_tree,xgboost_dart,xgboost_linear,libsvm
complex_16,sdo,0.9573588235294116,0.9613772893772892,0.9896823968529612,0.9994485294117648,0.8838457725729836,0.29969,0.5461076202196762,0.9797572007444936,0.5060698739944307,0.2304934571492945,0.0026944343946368,0.1442822312107971,0.0898723485086449,0.0754998433564383,0.267392678113903
complex_16,abod,0.8992117647058823,0.9147043029259896,0.943385222472953,0.9978360294117647,0.7833816256899254,0.54565,0.5217347638738739,0.966872284049525,0.5064778059660436,0.192530313504568,0.001438366981624,0.1298017887600711,0.0546488719859758,0.0265507966833633,0.0982065851883917
complex_16,hbos,0.7557823529411765,0.7669221052631578,0.8302016221441507,0.990408088235294,0.5466534331251578,0.45456,0.5316490067921913,0.9734116687590556,0.5059941871928031,0.2075227322036094,0.00191823395911,0.1352435780196836,0.0689779489947932,0.0413839784192114,0.1497989219701962
complex_16,iforest,0.9185941176470588,0.9302096601073344,0.98260839452889,0.9988213235294118,0.8040120333845895,0.38206,0.5391795288088633,0.9778333589752228,0.505689286396727,0.2200737273164562,0.0022934444751958,0.1397525090071038,0.0800447561000116,0.0574214909203699,0.2062983948059878
complex_16,knn,0.9728647058823529,0.9788735883424406,0.9901771586534988,0.9996323529411764,0.920059199260048,0.32513,0.5468467106182692,0.9806682000139296,0.5053466578483344,0.2302725445719145,0.0026680193200459,0.1446021995128269,0.0908185484822569,0.0757975011456309,0.2756656384709986
complex_16,lof,0.4572941176470588,0.5409071770334927,0.7840202628195829,0.7415095588235294,0.2514516918423366,0.04279,0.53325363939169,0.9767541531125544,0.5097209124370448,0.2100208686501775,0.0017287293682282,0.1350100582049234,0.0722120970184351,0.0420972278298367,0.2233987806235369
complex_16,ocsvm,0.9147176470588234,0.938415575221239,0.9789695308430526,0.998739705882353,0.7966330162680774,0.42416,0.5433340574613785,0.9781646278862436,0.5054736087278754,0.2264861619069276,0.0023977227944972,0.1423146326669159,0.085550385079079,0.0648184003816558,0.2351314430540545
