Data,Alg.,adj_Patn,adj_maxf1,adj_ap,auc,AMI,ireos_java,decision_tree_native,decision_tree_sklearn,random_forest_native,random_forest_sklearn,liblinear,xgboost_tree,xgboost_dart,xgboost_linear,libsvm
complex_18,sdo,0.9057511627906976,0.9333623430962342,0.8844504157625664,0.9942380813953487,0.7576776122852293,0.26866,0.5448775121838296,0.9906116144308624,0.4982375868033381,0.2145861023368665,0.0037566965178949,0.1416478231723247,0.0909762549656038,0.096075765186355,0.2790432293393433
complex_18,abod,0.7800860465116279,0.8229416342412451,0.6937419120439514,0.9800142441860464,0.5241523020136916,0.71073,0.5167825759737148,0.9538850409602464,0.5021859353877364,0.1640644679153761,0.0018812092912704,0.1270851917808123,0.050936827912932,0.0322832935749972,0.122372010877543
complex_18,hbos,0.6445,0.6449109826589596,0.6060192039488328,0.9417447674418604,0.3734445015390797,0.40674,0.52596587127067,0.9793406957199292,0.5007632279545308,0.1868181605145492,0.0024963885532991,0.1312459669554374,0.0635237033321271,0.0483324054999671,0.1582504198980796
complex_18,iforest,0.8462255813953489,0.8779198906356801,0.8166044778056752,0.9884863372093023,0.6494593543407636,0.43923,0.5301529393072916,0.977067354394301,0.5004977990873016,0.1929296516827648,0.0027061475702306,0.1335530232135882,0.0707599791924475,0.0605824895265794,0.1824961942737707
complex_18,knn,0.9057511627906976,0.938465464632455,0.844122253887515,0.9930491279069767,0.7257778264635452,0.25954,0.5447437419136081,0.989704631327065,0.4983395597444605,0.2130085465111073,0.0037420862979995,0.1416777348150059,0.0905834379335237,0.0955231413238527,0.2792409319381854
complex_18,lof,0.0161744186046511,0.129139398156201,0.2718035214556771,0.432521511627907,0.0024703599374442,0.01838,0.5184504314593732,0.9758528422574116,0.4986296313359303,0.1710893305412787,0.0016122787356515,0.1268604370477151,0.0539304960726798,0.0343565594344064,0.1535489554760438
complex_18,ocsvm,0.7585906976744186,0.8112702950819672,0.649954890019848,0.9736415697674418,0.5158932902603448,0.39459,0.5266235799750555,0.9518416752226064,0.5021109327130232,0.1768866848387489,0.0025179707387242,0.132845525297733,0.0652065257451585,0.0561719261647421,0.1525586684893148
