Data,Alg.,adj_Patn,adj_maxf1,adj_ap,auc,AMI,ireos_java,decision_tree_native,decision_tree_sklearn,random_forest_native,random_forest_sklearn,liblinear,xgboost_tree,xgboost_dart,xgboost_linear,libsvm
complex_12,sdo,1.0,1.0,1.0,1.0,1.0,0.54248,0.5287094136769391,0.984638269270113,0.4990996927462259,0.2119983573749183,0.0037494196034371,0.1321163886702893,0.0649709790234698,0.0046864284953603,0.0027491822181184
complex_12,abod,0.9981108108108108,0.9990562025316456,0.9998507759856394,0.9999847972972972,0.9838304481501494,0.74206,0.50942173351465,0.9413244287233756,0.5033755412157307,0.1870637959325963,0.0022621586393347,0.1235369109587524,0.0377441743149386,0.0016135314096223,0.0010732762324398
complex_12,hbos,0.8375297297297297,0.8514550128534704,0.9707609330104576,0.9888266891891891,0.6643703995076903,0.64836,0.5154253390068883,0.9526937694676468,0.5031802263531737,0.1931324656667093,0.0025714733347875,0.1259609636630822,0.0464207644535949,0.0024915803408237,0.0014732910381741
complex_12,iforest,0.9848864864864864,0.9895298723404256,0.9998394485621066,0.9998567567567568,0.946052283478848,0.71362,0.5177453510276245,0.9642285797478256,0.5030328169415264,0.1996385895675731,0.0028289121675328,0.1269257994471012,0.0497484569563874,0.0028701653711554,0.0016991008116841
complex_12,knn,1.0,1.0,1.0,1.0,1.0,0.63963,0.5282285156258656,0.9836484497860192,0.4995902520644913,0.2120381597930904,0.0037728527263053,0.1319988935702813,0.0644358139669354,0.00454350089001,0.0027216513731733
complex_12,lof,0.042181081081081,0.1086690909090909,0.3132591240180139,0.5056162162162163,0.0020613691734628,0.01449,0.5116106964843482,0.9597910774875676,0.489900318915651,0.1942564670712581,0.0017239867718189,0.1228399900178234,0.0412668077471964,0.0009809834880616,0.0011385138213574
complex_12,ocsvm,0.9886648648648648,0.9914770533446232,0.9999102225011854,0.9964435810810812,0.957705047717329,0.87525,0.5149605162746284,0.9436317043093632,0.5008650622525647,0.1901512131039403,0.0027093487248999,0.1261456887166283,0.0465306369276274,0.0026934940083924,0.0015817831433663
