Data,Alg.,adj_Patn,adj_maxf1,adj_ap,auc,AMI,ireos_java,decision_tree_native,decision_tree_sklearn,random_forest_native,random_forest_sklearn,liblinear,xgboost_tree,xgboost_dart,xgboost_linear,libsvm
complex_2,sdo,0.923871032745592,0.926957894736842,0.986681721897352,0.9966312342569268,0.806471520614021,0.6024,0.5270090752069707,0.96906862121386,0.4995296324677086,0.1967776980834412,0.0036749611605072,0.1320057051621975,0.0620166843482795,0.0044107102393093,0.0040525177745635
complex_2,abod,0.937465491183879,0.9433282051282053,0.9800576994013236,0.9984498740554156,0.8061967493155876,0.72758,0.5078612359243541,0.9266430679273144,0.5033462105535946,0.1561487064044691,0.0018693589854312,0.122775982687263,0.0348134213868316,0.0013396677924896,0.0013566774008408
complex_2,hbos,0.5894473551637279,0.599271354705274,0.7528143264105865,0.9610962216624686,0.3362639513167845,0.56485,0.5184072370981894,0.9503948664277828,0.4997860287473795,0.1845167170452913,0.0024886600567628,0.1277712681559865,0.0496042451667717,0.00282295913957,0.0025611541401901
complex_2,iforest,0.823272040302267,0.8268631578947369,0.9509397143338812,0.9911531486146096,0.6304629681004154,0.6663,0.5191451073290965,0.9485022656229806,0.5000354562396035,0.1818060722477755,0.0027698919723935,0.1279307797101,0.0513496776434462,0.0030830684987282,0.0027840296904915
complex_2,knn,0.9564977329974812,0.9603262357414448,0.9926303139927314,0.9985523929471032,0.8827364433442214,0.56849,0.526614960826324,0.9679238691151628,0.4994643711698995,0.1954225563052508,0.0036316388326366,0.1318275709673421,0.0611516972461992,0.0043919782147333,0.0043119948544032
complex_2,lof,0.2794937027707808,0.35758892733564,0.6193269032827926,0.6433546599496222,0.1011645652061527,0.04042,0.5194827587878192,0.9530143438818324,0.4845373523969021,0.1625083174482063,0.0020343769685808,0.1261491446281486,0.0499578505229231,0.0019691327219843,0.0050721758826905
complex_2,ocsvm,0.8069586901763224,0.8274130081300813,0.9577032484467638,0.9784730478589422,0.6056547942676795,0.79576,0.512904374277703,0.9269742171617864,0.5025172862642131,0.1626164284064599,0.0022916507499218,0.1253028925314654,0.0425867798256539,0.0021401929803253,0.0019686082834076
