Data,Alg.,adj_Patn,adj_maxf1,adj_ap,auc,AMI,ireos_java,decision_tree_native,decision_tree_sklearn,random_forest_native,random_forest_sklearn,liblinear,xgboost_tree,xgboost_dart,xgboost_linear,libsvm
complex_4,sdo,0.9819228295819936,0.9847690836653388,0.9904619241210793,0.999616077170418,0.9369034879606014,0.47258,0.5485883534158894,0.9902101578153598,0.4999544963063201,0.2360154711788989,0.0030998753122716,0.1437057197603186,0.092814274768529,0.0695721325886991,0.2575408253820689
complex_4,abod,0.9403453376205788,0.9405365384615384,0.9734362903204388,0.997920578778135,0.8029269387757867,0.69826,0.5211956094956182,0.970339429265136,0.502956903133341,0.1569215576181828,0.0016910008657341,0.1287199649291618,0.0536675720199049,0.0229595266279758,0.1013358772122411
complex_4,hbos,0.6041099678456592,0.6310813124108416,0.7234058493270739,0.95614308681672,0.3336841970361349,0.53756,0.532065640234931,0.9780210365015212,0.5025994468560498,0.1850801429455118,0.0021042436832009,0.1344802976817951,0.0693680983952873,0.0370377722894745,0.160460348738613
complex_4,iforest,0.8626135048231511,0.8865439759036144,0.9184376640812978,0.9931353697749196,0.6805690503542828,0.5159,0.5372484196556603,0.9813401502618708,0.5019313102957632,0.200036268273181,0.0025091523327906,0.1372497130061723,0.0769855655486979,0.0481405072642001,0.1870106390804239
complex_4,knn,0.9909614147909968,0.9918587288817378,0.9880147869084004,0.9996887459807074,0.9649635026026858,0.46451,0.5486942338986437,0.990287730310974,0.4998386607919974,0.2364408902480242,0.0030847805861695,0.1438445753216911,0.0932365323682775,0.069860851336169,0.2611001737697304
complex_4,lof,0.1756810289389067,0.2116145381120645,0.3474480642965936,0.6820456591639872,0.035805988515883,0.02782,0.529889729982851,0.9848287519033728,0.5037034330582426,0.191114786159228,0.0021773022820318,0.1345016898889131,0.0708638326424848,0.0409309656990214,0.1810015251011144
complex_4,ocsvm,0.8626135048231511,0.8752591679506935,0.9074433401364738,0.9886762057877811,0.6805690503542828,0.39295,0.5338621537126766,0.9743858978717206,0.5019181725456876,0.1826376619208719,0.0023024673332116,0.135836471746885,0.0707377281271266,0.0442414899372624,0.1535937120594792
