Data,Alg.,adj_Patn,adj_maxf1,adj_ap,auc,AMI,ireos_java,decision_tree_native,decision_tree_sklearn,random_forest_native,random_forest_sklearn,liblinear,xgboost_tree,xgboost_dart,xgboost_linear,libsvm
complex_3,sdo,0.9984338797814208,0.9992174744027305,0.9999957180561851,0.9999994535519126,0.9921830620034278,0.40462,0.5475347053544699,0.9865530658535924,0.4986083565982695,0.239166330389429,0.0027980624613517,0.1439491937720786,0.0919431984573811,0.0904426148599579,0.2756583228285044
complex_3,abod,0.9765081967213116,0.981308695652174,0.9975557554543336,0.9996478142076504,0.9072489222450928,0.57534,0.5236368066712469,0.9708206676196908,0.5018083308729703,0.1903582477084965,0.00165915783767,0.1307324567999578,0.0570675287261802,0.0359061978693352,0.1174015094980633
complex_3,hbos,0.8919377049180327,0.8946551351351352,0.9753472145694458,0.9946868852459017,0.7292739958838216,0.50715,0.526765558118194,0.9654214280030516,0.5023769885923488,0.2104036862609723,0.0018837525212527,0.1324010321205347,0.0623908961169613,0.0434049728943273,0.1409073080730507
complex_3,iforest,0.9765081967213116,0.9803024054982816,0.9984328889449982,0.9997568306010928,0.9199330855891898,0.43297,0.5353566538014822,0.9735992548171304,0.5012976516382395,0.2249102526029737,0.0022818278697326,0.1371968487818931,0.0748272295280638,0.0633593763670504,0.1947584977752155
complex_3,knn,0.9984338797814208,0.9992164046479836,0.9999978604915049,0.9999994535519126,0.9921830620034278,0.43827,0.5475312943848499,0.986652146687266,0.4981094340227548,0.2385366662919504,0.0027773827721707,0.143932348587833,0.0919887638959117,0.089620514253905,0.2794211219123149
complex_3,lof,0.3124732240437158,0.3732204585537918,0.6665151053502336,0.6756475409836065,0.0995365817601967,0.03025,0.5482610049250766,0.9868701652786448,0.4846107531342966,0.2168288940910268,0.0021907044182597,0.141042438443712,0.0887090507628932,0.0552469393509514,0.2812991408483929
complex_3,ocsvm,0.9827726775956284,0.9835219712525668,0.999296303068487,0.9998472677595628,0.9381513868125902,0.42912,0.5411318367852149,0.9771138938607584,0.50041360484055,0.2304271568111263,0.0024743207414046,0.1405799660080476,0.0829236634170368,0.0759220466976706,0.2286495360273569
