Data,Alg.,adj_Patn,adj_maxf1,adj_ap,auc,AMI,ireos_java,decision_tree_native,decision_tree_sklearn,random_forest_native,random_forest_sklearn,liblinear,xgboost_tree,xgboost_dart,xgboost_linear,libsvm
complex_19,sdo,0.9446072289156626,0.9504897282968854,0.9766383894346968,0.9979595716198124,0.8388307463427117,0.53515,0.5276316440252379,0.9857823367867576,0.5008591368717177,0.1925055765481334,0.0024231209466433,0.1311712002971729,0.0635757118192909,0.0120398031452678,0.127515464793862
complex_19,abod,0.8415151271753681,0.8857828930817611,0.8505312631220058,0.9887852744310576,0.6102712445545183,0.8246,0.5097235105532495,0.9528315653573188,0.5030782426746696,0.1549394753081439,0.0016559652427314,0.1232569025694712,0.0377225999036362,0.0039427290547359,0.0362017606173105
complex_19,hbos,0.6537951807228917,0.6657467166979363,0.751633961814299,0.951336813922356,0.3807335681207054,0.52612,0.5183438342571729,0.971978878790913,0.5040866888287662,0.1793722564611038,0.0020140901649067,0.1271688906115125,0.0502099603153826,0.0074939714856754,0.0695012248274382
complex_19,iforest,0.8569020080321286,0.8740887892376682,0.9293979463668646,0.9915153949129852,0.6651070277906467,0.55468,0.5236004936117252,0.9807887226258152,0.501538276755695,0.1861516457835513,0.0022980797170868,0.1292134722811774,0.0579191314196867,0.0099054457594474,0.0991988192813605
complex_19,knn,0.9492232931726908,0.9581492847854356,0.9652692231491709,0.9976265060240964,0.8075358734900986,0.53086,0.5268475526188969,0.9852961437879594,0.5004955549978214,0.1912211522801634,0.0024155427301619,0.1308617709643087,0.0624581855100341,0.0117782838139541,0.1223430931899557
complex_19,lof,0.0537068273092369,0.1302973368146214,0.3050733002985819,0.4364763052208835,0.0056016424965198,0.03691,0.5117805249428429,0.9789120046168702,0.499582791176858,0.1741353346803673,0.0017487066095788,0.1235322735107166,0.0415525166655347,0.0035596340341544,0.0492722843884307
complex_19,ocsvm,0.8569020080321286,0.860890736984449,0.930455658681714,0.9840701472556896,0.6651070277906467,0.59738,0.5162130549777729,0.9572446459656784,0.5026334601002541,0.1641665173380256,0.0018638751642961,0.1263275206458215,0.047078951146389,0.007206905746055,0.0686658070180282
