Data,Alg.,adj_Patn,adj_maxf1,adj_ap,auc,AMI,ireos_java,decision_tree_native,decision_tree_sklearn,random_forest_native,random_forest_sklearn,liblinear,xgboost_tree,xgboost_dart,xgboost_linear,libsvm
complex_17,sdo,0.911352036199095,0.9215039827771798,0.8917736800023414,0.99630814479638,0.7793108835898176,0.40829,0.5366827028195162,0.9768851856529108,0.5057699821006298,0.2164073936824593,0.0026997863754329,0.1378850133578264,0.0767838169963281,0.0170456941510619,0.3068597340585947
complex_17,abod,0.8276289592760181,0.8625416149068322,0.8284667008078673,0.9917104072398192,0.6240020901365048,0.74793,0.5066337127363817,0.8872603179078139,0.5048131935256979,0.1632510459573964,0.0016051473204809,0.1249180309185528,0.0417323618513147,0.0047919324429991,0.0824855385076656
complex_17,hbos,0.3597647058823529,0.5083495908346972,0.2989884164166344,0.9203502262443438,0.1379621147565654,0.47448,0.5198184481271146,0.9511751595455312,0.5053041655945166,0.1894751535315728,0.0025716201589412,0.1292893838319152,0.0537108953811494,0.0080605469532506,0.1267731112274718
complex_17,iforest,0.7118941176470589,0.7390750716332378,0.7763401700593389,0.9831285067873304,0.4712684347640276,0.6125,0.5223229714013607,0.954458440966999,0.505321017387699,0.1942105123202328,0.0025278602455674,0.1304703387860318,0.0581499655606983,0.0095448177632507,0.1636876362684072
complex_17,knn,0.9261266968325792,0.9440931147540984,0.8847595794818321,0.9963773755656108,0.7755588871713022,0.40025,0.5369595494453708,0.9760424588999024,0.5052900265089741,0.2159034833465102,0.0026681020887927,0.1381024466766139,0.0766031171249501,0.0169067268519972,0.307902163603
complex_17,lof,0.0470343891402715,0.0985845425188374,0.2762551830308841,0.5223941176470589,0.0047253350386979,0.02737,0.5163419868435641,0.9380567187974138,0.5015346400980039,0.1664064012670439,0.0012437108672265,0.1286263365515104,0.0481662299136534,0.0067749110100348,0.167237110191301
complex_17,ocsvm,0.6429457013574661,0.6708965944272446,0.6533153612757215,0.9645072398190044,0.3893627992308726,0.41803,0.5223475637407452,0.916774339229936,0.506552876620819,0.1892104467756817,0.0022496701643179,0.1327964597385946,0.0612999875640422,0.0115311859801467,0.1703688885165793
