sdo,abod,hbos,iforest,knn,lof,ocsvm
0.41164,0.76997,0.41605,0.54804,0.40131,0.01577,0.43944