sdo,abod,hbos,iforest,knn,lof,ocsvm
0.66537,0.79942,0.69423,0.75220,0.70316,0.04462,0.66455