sdo,abod,hbos,iforest,knn,lof,ocsvm
0.57549,0.73214,0.67746,0.76623,0.63658,0.05315,0.86559