sdo,abod,hbos,iforest,knn,lof,ocsvm
0.60248,0.80405,0.57488,0.68384,0.61087,0.05393,0.64074