sdo,abod,hbos,iforest,knn,lof,ocsvm
0.44180,0.73391,0.64468,0.58601,0.51387,0.03754,0.68528