sdo,abod,hbos,iforest,knn,lof,ocsvm
0.59714,0.71484,0.67308,0.67638,0.65528,0.07724,0.60710