sdo,abod,hbos,iforest,knn,lof,ocsvm
0.40462,0.57534,0.50715,0.43297,0.43827,0.03025,0.42912