sdo,abod,hbos,iforest,knn,lof,ocsvm
0.55940,0.82499,0.65273,0.72078,0.48506,0.02479,0.71036