sdo,abod,hbos,iforest,knn,lof,ocsvm
0.56726,0.78558,0.62554,0.65138,0.59199,0.05550,0.56897