sdo,abod,hbos,iforest,knn,lof,ocsvm
0.29969,0.54565,0.45456,0.38206,0.32513,0.04279,0.42416