sdo,abod,hbos,iforest,knn,lof,ocsvm
0.47258,0.69826,0.53756,0.51590,0.46451,0.02782,0.39295