sdo,abod,hbos,iforest,knn,lof,ocsvm
0.21415,0.73432,0.38106,0.41418,0.21162,0.02861,0.40735