sdo,abod,hbos,iforest,knn,lof,ocsvm
0.40829,0.74793,0.47448,0.61250,0.40025,0.02737,0.41803