sdo,abod,hbos,iforest,knn,lof,ocsvm
0.60240,0.72758,0.56485,0.66630,0.56849,0.04042,0.79576