sdo,abod,hbos,iforest,knn,lof,ocsvm
0.53515,0.82460,0.52612,0.55468,0.53086,0.03691,0.59738