sdo,abod,hbos,iforest,knn,lof,ocsvm
0.26866,0.71073,0.40674,0.43923,0.25954,0.01838,0.39459