sdo,abod,hbos,iforest,knn,lof,ocsvm
0.54248,0.74206,0.64836,0.71362,0.63963,0.01449,0.87525