sdo,abod,hbos,iforest,knn,lof,ocsvm
0.49880,0.76695,0.48161,0.56773,0.55656,0.03805,0.52343