sdo,abod,hbos,iforest,knn,lof,ocsvm
0.31725,0.74888,0.54497,0.50897,0.32067,0.05130,0.55621