sdo,abod,hbos,iforest,knn,lof,ocsvm
0.25176,0.76654,0.42664,0.46036,0.22315,0.20011,0.54934