Data,Alg.,adj_Patn,adj_maxf1,adj_ap,auc,AMI
complex_5,sdo,0.8508771241830065,0.8605474358974359,0.8534293925284384,0.9952124183006537,0.6823208997374072
complex_5,abod,0.8127294117647058,0.8510596491228071,0.822843587350535,0.9934196078431372,0.6211006232032203
complex_5,hbos,0.49020784313725496,0.5684224379719525,0.4487627366868181,0.9652235294117646,0.2517262321631161
complex_5,iforest,0.7503058823529412,0.7901752489331437,0.7706297405389034,0.9901450980392156,0.5350654547332739
complex_5,knn,0.9028967320261437,0.9259627906976744,0.8614543527954178,0.9966699346405229,0.7193313501974613
complex_5,lof,0.19889803921568627,0.2597482926829268,0.4985735311496666,0.6564901960784313,0.05782298949442885
complex_5,ocsvm,0.7849856209150328,0.8076374622356495,0.8063236515984147,0.9919189542483661,0.5827138940288802
