Data,Alg.,adj_Patn,adj_maxf1,adj_ap,auc,AMI
complex_4,sdo,0.9819228295819936,0.9847690836653387,0.9904619241210793,0.999616077170418,0.9369034879606014
complex_4,abod,0.9403453376205787,0.9405365384615384,0.9734362903204389,0.997920578778135,0.8029269387757867
complex_4,hbos,0.6041099678456592,0.6310813124108416,0.7234058493270739,0.9561430868167201,0.3336841970361349
complex_4,iforest,0.8626135048231511,0.8865439759036144,0.9184376640812978,0.9931353697749196,0.6805690503542828
complex_4,knn,0.9909614147909968,0.9918587288817378,0.9880147869084003,0.9996887459807074,0.9649635026026858
complex_4,lof,0.17568102893890672,0.21161453811206457,0.3474480642965936,0.6820456591639872,0.03580598851588301
complex_4,ocsvm,0.8626135048231511,0.8752591679506935,0.9074433401364738,0.9886762057877813,0.6805690503542828
