Data,Alg.,adj_Patn,adj_maxf1,adj_ap,auc,AMI
complex_14,sdo,0.6672639269406392,0.7745852913085005,0.4903985893328743,0.9776972602739725,0.4175297158623393
complex_14,abod,0.5927707762557077,0.7226915009041591,0.4339217317417345,0.9706493150684932,0.32447971087075567
complex_14,hbos,0.31217990867579914,0.3899411635565313,0.216197751826534,0.8932136986301371,0.10771903095397717
complex_14,iforest,0.5406255707762558,0.6892571428571429,0.3608273317483698,0.963716894977169,0.28431482469054764
complex_14,knn,0.6821625570776255,0.7978980842911877,0.4583368697844806,0.9781479452054795,0.37138333803500956
complex_14,lof,0.14084566210045663,0.16385069637883012,0.37522993873789945,0.4617095890410959,0.029797766586165873
complex_14,ocsvm,0.48848036529680366,0.6380790540540541,0.2625445337981482,0.9493986301369863,0.2371773014523691
