Data,Alg.,adj_Patn,adj_maxf1,adj_ap,auc,AMI
complex_2,sdo,0.9238710327455919,0.9269578947368421,0.9866817218973519,0.9966312342569269,0.806471520614021
complex_2,abod,0.937465491183879,0.9433282051282051,0.9800576994013237,0.9984498740554156,0.8061967493155876
complex_2,hbos,0.5894473551637279,0.599271354705274,0.7528143264105865,0.9610962216624686,0.33626395131678455
complex_2,iforest,0.823272040302267,0.8268631578947369,0.9509397143338812,0.9911531486146096,0.6304629681004154
complex_2,knn,0.9564977329974811,0.9603262357414448,0.9926303139927314,0.9985523929471032,0.8827364433442214
complex_2,lof,0.2794937027707808,0.35758892733564007,0.6193269032827926,0.6433546599496222,0.10116456520615272
complex_2,ocsvm,0.8069586901763224,0.8274130081300813,0.9577032484467638,0.9784730478589422,0.6056547942676795
