Data,Alg.,adj_Patn,adj_maxf1,adj_ap,auc,AMI
complex_7,sdo,0.9881428063943162,0.9901539823008849,0.9997053081340509,0.9999570159857905,0.9563450449505911
complex_7,abod,0.9743094138543517,0.978338761061947,0.9803203398373285,0.9988220248667851,0.8907682448448184
complex_7,hbos,0.8616660746003553,0.8660115967885816,0.9624796886521366,0.9902991119005329,0.6819359473982353
complex_7,iforest,0.9525712255772646,0.9546280141843972,0.9953063890755057,0.9991847246891652,0.8621274707747388
complex_7,knn,0.9920952042628775,0.9931260370697264,0.9996442022545966,0.9999602131438721,0.9691126258017408
complex_7,lof,0.17987744227353467,0.2668679399727149,0.5252968483153971,0.48608170515097693,0.043998826334611114
complex_7,ocsvm,0.9387378330373002,0.9387378330373002,0.9946278795011851,0.9883886323268206,0.830742027559001
