Data,Alg.,adj_Patn,adj_maxf1,adj_ap,auc,AMI
complex_10,sdo,0.9983734664764621,0.9983734664764621,0.9999930291325578,0.9999985734664765,0.9919665828260578
complex_10,abod,0.9869877318116975,0.990296170212766,0.9966391726531049,0.999656490727532,0.948855684613179
complex_10,hbos,0.7966833095577744,0.833918037735849,0.9575897516922194,0.9765212553495006,0.5702123857537368
complex_10,iforest,0.9821081312410842,0.9846246983676364,0.9993707128192383,0.9998639087018545,0.9365030893053877
complex_10,knn,1.0,1.0,1.0,1.0,1.0
complex_10,lof,0.33962738944365195,0.4870265848670756,0.7409444684067632,0.7444910128388018,0.13517093820702544
complex_10,ocsvm,0.9723489300998571,0.9731430406852248,0.9985380035144564,0.9975221112696147,0.9088738801990939
