Data,Alg.,adj_Patn,adj_maxf1,adj_ap,auc,AMI
complex_9,sdo,0.978791222570533,0.9848464822134387,0.9996638636386413,0.9998467084639497,0.9276725269872717
complex_9,abod,0.9699542319749217,0.97478766383963,0.9942548781016521,0.9994269592476489,0.8807735649460162
complex_9,hbos,0.8480037617554859,0.8586990871369294,0.9788160111737461,0.9805843260188087,0.6657496647676088
complex_9,iforest,0.9664194357366771,0.9685027932960893,0.9983870268645664,0.9995467084639499,0.8943158793174331
complex_9,knn,0.9911630094043887,0.992908176100629,0.999887869352562,0.9999598746081505,0.9684395415947601
complex_9,lof,0.03676802507836991,0.10180951772596614,0.279937679468342,0.4564253918495298,0.002843792996857317
complex_9,ocsvm,0.9098626959247649,0.9250733388022969,0.9934645238213748,0.9864708463949844,0.7676778403036589
