Data,Alg.,adj_Patn,adj_maxf1,adj_ap,auc,AMI
complex_1,sdo,1.0,1.0,1.0,1.0,1.0
complex_1,abod,0.99541589958159,0.9965583246073298,0.9996935880003065,0.9999728033472803,0.9811342256904009
complex_1,hbos,0.885397489539749,0.9383951488423373,0.9935840241506169,0.9834753138075315,0.8537157872705506
complex_1,iforest,0.99541589958159,0.997703144654088,0.9999856046950537,0.9999979079497908,0.9811342256904009
complex_1,knn,1.0,1.0,1.0,1.0,1.0
complex_1,lof,0.22070292887029283,0.30013511705685614,0.5418085418560706,0.6692359832635983,0.06145932504043806
complex_1,ocsvm,0.9770794979079498,0.9861023255813953,0.9996811788115302,0.9840200836820086,0.925575705375804
