Data,Alg.,adj_Patn,adj_maxf1,adj_ap,auc,AMI
complex_12,sdo,1.0,1.0,1.0,1.0,1.0
complex_12,abod,0.9981108108108109,0.9990562025316456,0.9998507759856394,0.9999847972972973,0.9838304481501494
complex_12,hbos,0.8375297297297297,0.8514550128534704,0.9707609330104576,0.9888266891891891,0.6643703995076903
complex_12,iforest,0.9848864864864865,0.9895298723404256,0.9998394485621066,0.9998567567567568,0.9460522834788481
complex_12,knn,1.0,1.0,1.0,1.0,1.0
complex_12,lof,0.04218108108108108,0.10866909090909091,0.3132591240180139,0.5056162162162163,0.0020613691734628907
complex_12,ocsvm,0.9886648648648649,0.9914770533446232,0.9999102225011854,0.9964435810810811,0.957705047717329
