Data,Alg.,adj_Patn,adj_maxf1,adj_ap,auc,AMI
complex_19,sdo,0.9446072289156626,0.9504897282968854,0.9766383894346969,0.9979595716198125,0.8388307463427117
complex_19,abod,0.8415151271753681,0.8857828930817611,0.8505312631220058,0.9887852744310575,0.6102712445545183
complex_19,hbos,0.6537951807228917,0.6657467166979363,0.751633961814299,0.951336813922356,0.38073356812070547
complex_19,iforest,0.8569020080321286,0.8740887892376682,0.9293979463668646,0.9915153949129853,0.6651070277906467
complex_19,knn,0.9492232931726907,0.9581492847854356,0.9652692231491709,0.9976265060240963,0.8075358734900986
complex_19,lof,0.05370682730923696,0.1302973368146214,0.30507330029858193,0.43647630522088354,0.005601642496519844
complex_19,ocsvm,0.8569020080321286,0.860890736984449,0.9304556586817139,0.9840701472556895,0.6651070277906467
