Data,Alg.,adj_Patn,adj_maxf1,adj_ap,auc,AMI
complex_15,sdo,1.0,1.0,1.0,1.0,1.0
complex_15,abod,1.0,1.0,1.0,1.0,0.9890697016924294
complex_15,hbos,0.7706560975609756,0.8689988165680473,0.9733844246101673,0.9746984756097561,0.7345153309977178
complex_15,iforest,1.0,1.0,1.0,1.0,1.0
complex_15,knn,1.0,1.0,1.0,1.0,1.0
complex_15,lof,0.030892682926829264,0.1367157894736842,0.3386496202542677,0.36845091463414636,0.0025713594235395867
complex_15,ocsvm,0.9068829268292683,0.9495643312101911,0.9957486362426416,0.9899060975609757,0.7610829018071232
