Data,Alg.,adj_Patn,adj_maxf1,adj_ap,auc,AMI
complex_20,sdo,0.9074378600823045,0.9277164208456243,0.8623321523931542,0.9951559670781893,0.7694569904662224
complex_20,abod,0.8284213991769548,0.8685043144774688,0.7781716443890405,0.990054732510288,0.6166485409134106
complex_20,hbos,0.6997374485596707,0.7359475238922676,0.6666212093018793,0.9775209876543208,0.4523653292559994
complex_20,iforest,0.8351942386831275,0.8618030534351144,0.8157154509460914,0.9910695473251028,0.6425727419805729
complex_20,knn,0.918725925925926,0.9465046766169154,0.8638413377507584,0.9956012345679013,0.7660162361434084
complex_20,lof,0.11953086419753085,0.14701548387096777,0.37811380633112884,0.4791662551440329,0.02242322631788744
complex_20,ocsvm,0.8509975308641975,0.8762079074252651,0.8196422255864946,0.9921119341563787,0.6683902247362131
