Data,Alg.,adj_Patn,adj_maxf1,adj_ap,auc,AMI
complex_13,sdo,0.9229741007194245,0.9334714989444054,0.8635934962051381,0.994330071942446,0.7925749916149637
complex_13,abod,0.9016690647482014,0.928227397260274,0.879194920176861,0.993271654676259,0.7211892296055863
complex_13,hbos,0.6296201438848921,0.6507646310432569,0.6199718195781811,0.9482397122302159,0.35657435568720725
complex_13,iforest,0.8049769784172661,0.8490301837270342,0.81195385887994,0.985951942446043,0.5830821702722301
complex_13,knn,0.9377237410071942,0.9584073033707865,0.8690761387327184,0.99543654676259,0.7972316114994074
complex_13,lof,0.0724115107913669,0.13100460299194477,0.369068287917358,0.44123079136690646,0.008550720482555249
complex_13,ocsvm,0.7869496402877698,0.8010802069857698,0.7389160234285663,0.9749341007194245,0.5560500005089927
