Data,Alg.,adj_Patn,adj_maxf1,adj_ap,auc,AMI
complex_11,sdo,0.7019647416413374,0.771030179028133,0.574178183027457,0.9846917933130699,0.47041174761083815
complex_11,abod,0.6080188449848024,0.7226351807228916,0.4765131204228986,0.9776273556231003,0.37595646576230146
complex_11,hbos,0.36181580547112463,0.43008489525909593,0.2759064183539187,0.9155939209726445,0.14793159780161758
complex_11,iforest,0.5140729483282674,0.5906442906574395,0.4567642999142552,0.9627331306990882,0.2704814055678412
complex_11,knn,0.7214018237082067,0.8009565562913907,0.5439143346925,0.9857939209726444,0.4463181325847717
complex_11,lof,0.17068449848024314,0.18775725806451612,0.37137180233756795,0.5603465045592706,0.04650140160640044
complex_11,ocsvm,0.48167781155015205,0.5617642236024845,0.3955341639481719,0.9558662613981763,0.24165541901899348
