Data,Alg.,adj_Patn,adj_maxf1,adj_ap,auc,AMI
complex_18,sdo,0.9057511627906977,0.9333623430962342,0.8844504157625664,0.9942380813953489,0.7576776122852293
complex_18,abod,0.7800860465116279,0.8229416342412451,0.6937419120439514,0.9800142441860465,0.5241523020136916
complex_18,hbos,0.6445,0.6449109826589596,0.6060192039488328,0.9417447674418604,0.3734445015390797
complex_18,iforest,0.8462255813953489,0.8779198906356801,0.8166044778056752,0.9884863372093023,0.6494593543407636
complex_18,knn,0.9057511627906977,0.938465464632455,0.844122253887515,0.9930491279069767,0.7257778264635452
complex_18,lof,0.016174418604651148,0.12913939815620107,0.2718035214556771,0.432521511627907,0.002470359937444244
complex_18,ocsvm,0.7585906976744186,0.8112702950819672,0.649954890019848,0.9736415697674418,0.5158932902603448
