Data,Alg.,adj_Patn,adj_maxf1,adj_ap,auc,AMI
complex_6,sdo,0.9799529411764706,0.9826501818181818,0.9987374204816437,0.9997826470588236,0.9304413724494653
complex_6,abod,0.9699294117647058,0.9768163265306122,0.9802235692872362,0.9989252941176471,0.8836454330884014
complex_6,hbos,0.5756705882352942,0.6278733448474382,0.6466519066239907,0.9454967647058824,0.30126920425239684
complex_6,iforest,0.8446352941176472,0.8558866052445074,0.9355964716662349,0.9911508823529411,0.6471671026965531
complex_6,knn,0.9949882352941176,0.9958327219369039,0.999475115128242,0.9999344117647059,0.9786013557383655
complex_6,lof,0.13296470588235293,0.19528182807399344,0.45829927035175266,0.5766005882352941,0.025707940241742576
complex_6,ocsvm,0.8195764705882354,0.8224739545121056,0.9360537002630345,0.9785602941176471,0.6064985752406139
