Data,Alg.,adj_Patn,adj_maxf1,adj_ap,auc,AMI
complex_17,sdo,0.911352036199095,0.9215039827771798,0.8917736800023414,0.9963081447963801,0.7793108835898176
complex_17,abod,0.8276289592760181,0.8625416149068322,0.8284667008078673,0.9917104072398191,0.6240020901365048
complex_17,hbos,0.35976470588235293,0.5083495908346972,0.2989884164166344,0.9203502262443438,0.13796211475656542
complex_17,iforest,0.7118941176470589,0.7390750716332378,0.7763401700593389,0.9831285067873304,0.47126843476402763
complex_17,knn,0.9261266968325792,0.9440931147540984,0.8847595794818321,0.9963773755656109,0.7755588871713022
complex_17,lof,0.0470343891402715,0.09858454251883747,0.2762551830308841,0.5223941176470589,0.004725335038697908
complex_17,ocsvm,0.6429457013574661,0.6708965944272446,0.6533153612757215,0.9645072398190045,0.3893627992308726
