Data,Alg.,adj_Patn,adj_maxf1,adj_ap,auc,AMI
complex_3,sdo,0.9984338797814208,0.9992174744027305,0.9999957180561851,0.9999994535519126,0.9921830620034278
complex_3,abod,0.9765081967213115,0.9813086956521739,0.9975557554543336,0.9996478142076503,0.9072489222450928
complex_3,hbos,0.8919377049180327,0.8946551351351352,0.9753472145694458,0.9946868852459017,0.7292739958838216
complex_3,iforest,0.9765081967213115,0.9803024054982817,0.9984328889449982,0.9997568306010929,0.9199330855891898
complex_3,knn,0.9984338797814208,0.9992164046479836,0.9999978604915047,0.9999994535519126,0.9921830620034278
complex_3,lof,0.3124732240437158,0.3732204585537918,0.6665151053502336,0.6756475409836065,0.09953658176019674
complex_3,ocsvm,0.9827726775956285,0.9835219712525667,0.999296303068487,0.9998472677595628,0.9381513868125902
