Data,Alg.,adj_Patn,adj_maxf1,adj_ap,auc,AMI
complex_8,sdo,1.0,1.0,1.0,1.0,1.0
complex_8,abod,0.9848745098039217,0.9859686581782566,0.9965304680951441,0.9997356862745097,0.9285401941237384
complex_8,hbos,0.8638705882352941,0.8665546875,0.9705478800947377,0.9936423529411765,0.6887044909355331
complex_8,iforest,0.9956784313725491,0.9956868884540118,0.9993846631981383,0.9999482352941177,0.9819138522800073
complex_8,knn,1.0,1.0,1.0,1.0,1.0
complex_8,lof,0.13136470588235294,0.20511475409836066,0.4507823964999207,0.4680780392156863,0.028212801887917072
complex_8,ocsvm,0.9891960784313726,0.9902669283611384,0.9997424457341152,0.9999243137254902,0.9601876917529466
