Data,Alg.,adj_Patn,adj_maxf1,adj_ap,auc,AMI
complex_16,sdo,0.9573588235294117,0.9613772893772893,0.9896823968529613,0.9994485294117647,0.8838457725729836
complex_16,abod,0.8992117647058823,0.9147043029259897,0.943385222472953,0.9978360294117647,0.7833816256899254
complex_16,hbos,0.7557823529411765,0.7669221052631578,0.8302016221441507,0.9904080882352941,0.5466534331251578
complex_16,iforest,0.9185941176470589,0.9302096601073344,0.9826083945288899,0.9988213235294118,0.8040120333845895
complex_16,knn,0.9728647058823529,0.9788735883424406,0.9901771586534988,0.9996323529411765,0.9200591992600481
complex_16,lof,0.4572941176470588,0.5409071770334927,0.7840202628195829,0.7415095588235294,0.2514516918423366
complex_16,ocsvm,0.9147176470588234,0.938415575221239,0.9789695308430526,0.998739705882353,0.7966330162680774
