Data,Alg.,adj_Patn,adj_maxf1,adj_ap,auc,AMI
high-noise_1,sdo,1.0,1.0,1.0,1.0,1.0
high-noise_1,abod,1.0,1.0,1.0,1.0,1.0
high-noise_1,hbos,0.8257160305343512,0.9060927506426735,0.9867104853595456,0.9891209923664122,0.7908750971406424
high-noise_1,iforest,1.0,1.0,1.0,1.0,1.0
high-noise_1,knn,1.0,1.0,1.0,0.9999999999999999,1.0
high-noise_1,lof,-0.0584,0.15379760956175298,0.2040426249594868,0.4261519083969466,0.003218749195446627
high-noise_1,ocsvm,0.9815328244274809,0.9901090909090909,0.9998450312572916,0.9989005725190839,0.9316058253822079
