Data,Alg.,adj_Patn,adj_maxf1,adj_ap,auc,AMI
high-noise_7,sdo,1.0,1.0,1.0,1.0,1.0
high-noise_7,abod,1.0,1.0,1.0,1.0,0.9970085212367956
high-noise_7,hbos,0.7551533568904593,0.8634660127513487,0.9732161262520416,0.985185335689046,0.7248019899595283
high-noise_7,iforest,0.9978332155477032,0.9989156498673738,0.9999971279729815,0.999980035335689,0.9889775070667246
high-noise_7,knn,1.0,1.0,1.0,1.0,1.0
high-noise_7,lof,-0.03680636042402827,0.16082867794665903,0.22635480784016224,0.452236925795053,0.001071475466046103
high-noise_7,ocsvm,0.6988169611307421,0.7922991304347826,0.9360105961341687,0.8847150176678445,0.4187707270081784
