Data,Alg.,adj_Patn,adj_maxf1,adj_ap,auc,AMI
high-noise_5,sdo,1.0,1.0,1.0,1.0,1.0
high-noise_5,abod,1.0,1.0,1.0,1.0,0.9957131033176108
high-noise_5,hbos,0.9992308480364257,0.9996153145459722,0.9999995622356497,0.999962094479226,0.9976767077295599
high-noise_5,iforest,1.0,1.0,1.0,1.0,1.0
high-noise_5,knn,1.0,1.0,1.0,1.0,1.0
high-noise_5,lof,-0.14065236198064887,0.219474250030611,0.07254619972618187,0.4268458736482641,0.018215785297940563
high-noise_5,ocsvm,0.9992308480364257,0.9996153145459722,0.9999995622356497,0.9995021058622652,0.995354094895092
