Data,Alg.,adj_Patn,adj_maxf1,adj_ap,auc,AMI
high-noise_2,sdo,1.0,1.0,1.0,1.0,1.0
high-noise_2,abod,0.9992747899159664,0.9996374901548962,0.999998475247654,0.9999995798319328,0.9936737126488674
high-noise_2,hbos,0.6765563025210084,0.7872848868337795,0.8075174970422144,0.9303729516806724,0.4475619074576811
high-noise_2,iforest,0.840453781512605,0.9036651162790696,0.9814307889345063,0.9915314075630253,0.6104185581859534
high-noise_2,knn,1.0,1.0,1.0,1.0,1.0
high-noise_2,lof,-0.11537310924369748,0.2167023812236527,0.0833676491578825,0.4247334033613446,0.011130001686100968
high-noise_2,ocsvm,0.7983915966386552,0.8101400000000001,0.7815734720998296,0.8633390756302521,0.5412649029571933
