Data,Alg.,adj_Patn,adj_maxf1,adj_ap,auc,AMI
high-noise_13,sdo,1.0,1.0,1.0,1.0,1.0
high-noise_13,abod,1.0,1.0,1.0,1.0,1.0
high-noise_13,hbos,0.9984857938718663,0.999242474916388,0.9999987344115813,0.9999962116991643,0.9934660192705269
high-noise_13,iforest,1.0,1.0,1.0,1.0,1.0
high-noise_13,knn,1.0,1.0,1.0,0.9999999999999999,1.0
high-noise_13,lof,-0.23256378830083563,0.214328125,-0.128301383399495,0.32961559888579384,0.05423628803539717
high-noise_13,ocsvm,1.0,1.0,1.0,1.0,1.0
