Data,Alg.,adj_Patn,adj_maxf1,adj_ap,auc,AMI
high-noise_8,sdo,1.0,1.0,1.0,1.0,1.0
high-noise_8,abod,1.0,1.0,1.0,1.0,0.9977824480086649
high-noise_8,hbos,0.9652822605965464,0.9820588609271523,0.9995390719242103,0.9992274201988488,0.9366265857404695
high-noise_8,iforest,1.0,1.0,1.0,1.0,1.0
high-noise_8,knn,1.0,1.0,1.0,1.0,1.0
high-noise_8,lof,-0.15942783882783884,0.2255094731923841,0.031357946058378175,0.4033469387755102,0.023108040460825575
high-noise_8,ocsvm,0.9942137100994245,0.9971007865757734,0.9999863578419328,0.9968057561486133,0.9726867690743498
