Data,Alg.,adj_Patn,adj_maxf1,adj_ap,auc,AMI
high-noise_9,sdo,1.0,1.0,1.0,1.0,1.0
high-noise_9,abod,1.0,1.0,1.0,1.0,0.9976153382927269
high-noise_9,hbos,0.8040219570405728,0.884823003194888,0.9806871208193882,0.9683122911694512,0.7293121458568046
high-noise_9,iforest,0.9673369928400954,0.9762362594268474,0.99942679528407,0.9992009546539379,0.8855697990370219
high-noise_9,knn,1.0,1.0,1.0,1.0,1.0
high-noise_9,lof,-0.12806873508353223,0.208390389071838,0.08008767982007427,0.3990673031026253,0.014350409085876127
high-noise_9,ocsvm,0.778528878281623,0.7957651635720602,0.9252703730298382,0.8555649164677803,0.5144214884660053
