Data,Alg.,adj_Patn,adj_maxf1,adj_ap,auc,AMI
high-noise_10,sdo,1.0,1.0,1.0,1.0,1.0
high-noise_10,abod,1.0,1.0,1.0,1.0,0.9971491315641946
high-noise_10,hbos,0.9289967426710097,0.9578686828491842,0.996767553272112,0.9979964169381108,0.7940101070735085
high-noise_10,iforest,1.0,1.0,1.0,1.0,1.0
high-noise_10,knn,1.0,1.0,1.0,1.0,1.0
high-noise_10,lof,-0.07823517915309447,0.17250837769683386,0.1857109431520778,0.4157962540716612,0.005048402829049994
high-noise_10,ocsvm,0.9685557003257329,0.9835564356435643,0.999585229140777,0.9846542345276874,0.8922375769697741
