Data,Alg.,adj_Patn,adj_maxf1,adj_ap,auc,AMI
high-noise_16,sdo,1.0,1.0,1.0,1.0,1.0
high-noise_16,abod,1.0,1.0,1.0,1.0,1.0
high-noise_16,hbos,0.924673417721519,0.9611693311582382,0.9976588436124839,0.9918903481012659,0.8898381458522695
high-noise_16,iforest,0.9990088607594937,0.9995042342698852,0.9999992158708542,0.9999971518987342,0.9943931350597821
high-noise_16,knn,1.0,1.0,1.0,1.0,1.0
high-noise_16,lof,-0.10611139240506329,0.17053904607922396,0.09524710446650665,0.41995775316455697,0.010703232135100547
high-noise_16,ocsvm,0.991079746835443,0.9955239380706629,0.9999646394796374,0.9969511075949368,0.9621071943333421
