Data,Alg.,adj_Patn,adj_maxf1,adj_ap,auc,AMI
high-noise_14,sdo,1.0,1.0,1.0,1.0,1.0
high-noise_14,abod,1.0,1.0,1.0,1.0,0.9978255548880296
high-noise_14,hbos,0.9880184755174153,0.9939834220532319,0.9999454188354235,0.9996805653710248,0.9745557968449641
high-noise_14,iforest,1.0,1.0,1.0,1.0,1.0
high-noise_14,knn,1.0,1.0,1.0,1.0,1.0
high-noise_14,lof,-0.1474071680969207,0.22865933714285713,0.0605136733729411,0.4242824835941444,0.01968942012147056
high-noise_14,ocsvm,1.0,1.0,1.0,1.0,1.0
