Data,Alg.,adj_Patn,adj_maxf1,adj_ap,auc,AMI
high-noise_6,sdo,1.0,1.0,1.0,1.0,1.0
high-noise_6,abod,1.0,1.0,1.0,1.0,0.9868855780300729
high-noise_6,hbos,0.8453288711288712,0.9062848680667743,0.9868287293809228,0.9889544455544454,0.6362782810909062
high-noise_6,iforest,0.9880099900099899,0.9927771313941826,0.9999302927195269,0.9998729270729271,0.9526196468975339
high-noise_6,knn,1.0,1.0,1.0,1.0,1.0
high-noise_6,lof,-0.017951848151848145,0.1526307461792029,0.2762585991052314,0.44625954045954047,1.1392197035436595e-05
high-noise_6,ocsvm,0.8165528471528471,0.8950395437262357,0.9847692175612939,0.9876985014985015,0.5888011960004835
