Data,Alg.,adj_Patn,adj_maxf1,adj_ap,auc,AMI
high-noise_12,sdo,1.0,1.0,1.0,1.0,1.0
high-noise_12,abod,1.0,1.0,1.0,1.0,1.0
high-noise_12,hbos,1.0,1.0,1.0,1.0,1.0
high-noise_12,iforest,1.0,1.0,1.0,1.0,1.0
high-noise_12,knn,1.0,1.0,1.0,1.0,1.0
high-noise_12,lof,-0.024874020054694624,0.16637381818181818,0.28193053320310413,0.477313582497721,0.00014210929591109737
high-noise_12,ocsvm,1.0,1.0,1.0,1.0,1.0
