Data,Alg.,adj_Patn,adj_maxf1,adj_ap,auc,AMI
high-noise_11,sdo,1.0,1.0,1.0,1.0,1.0
high-noise_11,abod,1.0,1.0,1.0,1.0,1.0
high-noise_11,hbos,0.9727395045632334,0.9862260869565218,0.9997047848046172,0.9971569752281616,0.9506885948324563
high-noise_11,iforest,0.999148109517601,0.9995739158787089,0.9999994446607023,0.9999993481095176,0.994985827674693
high-noise_11,knn,1.0,1.0,1.0,1.0,1.0
high-noise_11,lof,-0.11256897001303781,0.19397374045801524,0.05015229501053915,0.4220748370273794,0.011752088260314986
high-noise_11,ocsvm,0.9122552803129075,0.9541473684210526,0.9969449557359875,0.9356149934810953,0.7529818087329598
