Data,Alg.,adj_Patn,adj_maxf1,adj_ap,auc,AMI
high-noise_17,sdo,1.0,1.0,1.0,1.0,1.0
high-noise_17,abod,1.0,1.0,1.0,1.0,0.9898527792331646
high-noise_17,hbos,0.9277131602506714,0.95101843575419,0.9964421151439492,0.9959478961504028,0.7929553572177128
high-noise_17,iforest,0.9978094897045658,0.9983549081129538,0.9999950938199242,0.9999887197851387,0.9888902917821356
high-noise_17,knn,1.0,1.0,1.0,1.0,1.0
high-noise_17,lof,-0.017492032229185304,0.16475881998795905,0.31112529669924344,0.48058585496866607,-7.668375540255855e-05
high-noise_17,ocsvm,0.7678059086839749,0.8640666666666666,0.9753250615734973,0.9782433303491495,0.5114395232893578
