Data,Alg.,adj_Patn,adj_maxf1,adj_ap,auc,AMI
high-noise_19,sdo,1.0,1.0,1.0,1.0,1.0
high-noise_19,abod,1.0,1.0,1.0,1.0,1.0
high-noise_19,hbos,0.845285069008783,0.9178221926024659,0.9904990027188066,0.9863166875784191,0.8044735229010973
high-noise_19,iforest,1.0,1.0,1.0,1.0,1.0
high-noise_19,knn,1.0,1.0,1.0,1.0,1.0
high-noise_19,lof,-0.14836537013801754,0.19680382276281494,-0.006929842442746821,0.3832509410288582,0.021412757917589415
high-noise_19,ocsvm,0.9710426599749059,0.9849375634517767,0.9996595791627519,0.97894617314931,0.8966646313743023
