Data,Alg.,adj_Patn,adj_maxf1,adj_ap,auc,AMI
high-noise_20,sdo,1.0,1.0,1.0,1.0,1.0
high-noise_20,abod,1.0,1.0,1.0,1.0,0.9823560683202461
high-noise_20,hbos,0.9667620111731844,0.9827145685997171,0.9995090186093997,0.9972536312849163,0.9397412270296048
high-noise_20,iforest,1.0,1.0,1.0,1.0,1.0
high-noise_20,knn,1.0,1.0,1.0,1.0,1.0
high-noise_20,lof,-0.13637988826815645,0.19204449197860962,0.09110951164128041,0.4073744413407821,0.017623838679471513
high-noise_20,ocsvm,0.992813407821229,0.9959447985989491,0.9999761182855442,0.997412150837989,0.9680424443314534
