Data,Alg.,adj_Patn,adj_maxf1,adj_ap,auc,AMI
high-noise_4,sdo,1.0,1.0,1.0,1.0,1.0
high-noise_4,abod,1.0,1.0,1.0,1.0,0.9934926074339853
high-noise_4,hbos,0.9044149184149184,0.9501749696233293,0.9959345747631824,0.9774109557109557,0.8712639076016677
high-noise_4,iforest,0.9822484848484848,0.9842692352597783,0.9997346496968401,0.9994382284382284,0.9353447134172945
high-noise_4,knn,1.0,1.0,1.0,1.0,1.0
high-noise_4,lof,0.022301165501165496,0.12784378909740837,0.2533629163885987,0.46522424242424243,0.0012625407313512408
high-noise_4,ocsvm,0.41556550116550117,0.6889853472882969,0.8158828201637257,0.8739277389277389,0.15725417574096967
