Data,Alg.,adj_Patn,adj_maxf1,adj_ap,auc,AMI
high-noise_15,sdo,1.0,1.0,1.0,1.0,1.0
high-noise_15,abod,1.0,1.0,1.0,1.0,0.9958289210993175
high-noise_15,hbos,0.8539405522468868,0.9228562196168143,0.9918784366425073,0.9580385489983757,0.81150792786358
high-noise_15,iforest,0.9977757444504601,0.9981469553450609,0.9999963844111,0.999994260963725,0.9880942456791088
high-noise_15,knn,1.0,1.0,1.0,1.0,1.0
high-noise_15,lof,-0.1113863562533839,0.22254059405940593,0.0952656402272436,0.4446736329182458,0.009998548270793935
high-noise_15,ocsvm,0.6359635083919869,0.7857634543178974,0.9458713705083646,0.7656988630211152,0.3297829668658881
