Data,Alg.,adj_Patn,adj_maxf1,adj_ap,auc,AMI
high-noise_18,sdo,1.0,1.0,1.0,1.0,1.0
high-noise_18,abod,1.0,1.0,1.0,1.0,0.9719112378001382
high-noise_18,hbos,1.0,1.0,1.0,0.9999999999999999,1.0
high-noise_18,iforest,1.0,1.0,1.0,1.0,1.0
high-noise_18,knn,1.0,1.0,1.0,1.0,1.0
high-noise_18,lof,-0.08076448942042316,0.15657254901960788,0.14470406182313741,0.40944415823367064,0.00855905433201129
high-noise_18,ocsvm,1.0,1.0,1.0,1.0,1.0
