Data,Alg.,adj_Patn,adj_maxf1,adj_ap,auc,AMI
high-noise_3,sdo,1.0,1.0,1.0,1.0,1.0
high-noise_3,abod,1.0,1.0,1.0,1.0,0.9872366002826902
high-noise_3,hbos,0.9990732558139536,0.9995364594692839,0.9999993264940509,0.999947965116279,0.997331166066785
high-noise_3,iforest,1.0,1.0,1.0,1.0,1.0
high-noise_3,knn,1.0,1.0,1.0,1.0,1.0
high-noise_3,lof,-0.10560581395348836,0.1852936124816642,0.13693400817631668,0.42474186046511625,0.00946092396145555
high-noise_3,ocsvm,0.9953662790697675,0.9976789224608664,0.9999898876036082,0.9970453488372093,0.9781604657459215
