Data,Alg.,adj_Patn,adj_maxf1,adj_ap,auc,AMI
low-noise_4,sdo,1.0,1.0,1.0,1.0,1.0
low-noise_4,abod,1.0,1.0,1.0,1.0,0.9902975077539353
low-noise_4,hbos,0.9474599562363238,0.961147572815534,0.9963693126856614,0.9964052516411379,0.8538174278169053
low-noise_4,iforest,1.0,1.0,1.0,1.0,1.0
low-noise_4,knn,1.0,1.0,1.0,1.0,1.0
low-noise_4,lof,0.19995842450765866,0.3595604166666666,0.5761838127695598,0.6147951859956237,0.053047174256319336
low-noise_4,ocsvm,0.9761181619256017,0.985512389380531,0.9996893271022432,0.994384682713348,0.9234170160017543
