Data,Alg.,adj_Patn,adj_maxf1,adj_ap,auc,AMI
low-noise_5,sdo,1.0,1.0,1.0,1.0,1.0
low-noise_5,abod,1.0,1.0,1.0,1.0,0.9400257427722849
low-noise_5,hbos,0.9313067524115757,0.9484726677577742,0.9965081201662499,0.997771382636656,0.8163811533152325
low-noise_5,iforest,1.0,1.0,1.0,1.0,1.0
low-noise_5,knn,1.0,1.0,1.0,1.0,1.0
low-noise_5,lof,0.1865273311897106,0.3515817490494296,0.5755299912479461,0.5970327974276528,0.039787308589627444
low-noise_5,ocsvm,1.0,1.0,1.0,1.0,1.0
