Data,Alg.,adj_Patn,adj_maxf1,adj_ap,auc,AMI
low-noise_1,sdo,1.0,1.0,1.0,1.0,1.0
low-noise_1,abod,1.0,1.0,1.0,1.0,1.0
low-noise_1,hbos,0.8936608863198459,0.9229906976744185,0.9904643899337677,0.9731053949903661,0.7627422479151905
low-noise_1,iforest,0.9744786127167631,0.9860005853658537,0.9996282832635555,0.9990662813102119,0.9177802192065343
low-noise_1,knn,1.0,1.0,1.0,0.9999999999999999,1.0
low-noise_1,lof,0.20883699421965324,0.37044992435703483,0.5927826701491427,0.6098901734104045,0.05457497946154611
low-noise_1,ocsvm,0.8128431599229287,0.8812739084132055,0.9812372460660256,0.8911595375722543,0.6053044852108282
