Data,Alg.,adj_Patn,adj_maxf1,adj_ap,auc,AMI
low-noise_2,sdo,1.0,1.0,1.0,1.0,1.0
low-noise_2,abod,1.0,1.0,1.0,1.0,0.9947571665453413
low-noise_2,hbos,0.9976448275862069,0.9976448275862069,0.999959083939655,0.9998728448275862,0.9895078431464643
low-noise_2,iforest,1.0,1.0,1.0,1.0,1.0
low-noise_2,knn,1.0,1.0,1.0,1.0,1.0
low-noise_2,lof,0.24398965517241383,0.41933729372937295,0.6373028754433002,0.6176754310344827,0.07418230660394771
low-noise_2,ocsvm,1.0,1.0,1.0,1.0,1.0
