Data,Alg.,adj_Patn,adj_maxf1,adj_ap,auc,AMI
low-noise_10,sdo,1.0,1.0,1.0,1.0,1.0
low-noise_10,abod,1.0,1.0,1.0,1.0,0.9924051547934605
low-noise_10,hbos,0.9762732436472347,0.9829503759398496,0.9996520639241594,0.9991348281016443,0.9297840505439134
low-noise_10,iforest,1.0,1.0,1.0,1.0,1.0
low-noise_10,knn,1.0,1.0,1.0,1.0,1.0
low-noise_10,lof,0.09160418535127056,0.22559320754716977,0.4399107471592544,0.5038182361733932,0.011442655099680019
low-noise_10,ocsvm,0.9881366218236174,0.9931801503759399,0.9999237385382088,0.9959318385650224,0.9553350687038956
