Data,Alg.,adj_Patn,adj_maxf1,adj_ap,auc,AMI
low-noise_12,sdo,1.0,1.0,1.0,1.0,1.0
low-noise_12,abod,1.0,1.0,1.0,1.0,0.9684777664634934
low-noise_12,hbos,0.983326984126984,0.9915968,0.9998339314625321,0.999386507936508,0.9531388738938874
low-noise_12,iforest,1.0,1.0,1.0,1.0,1.0
low-noise_12,knn,1.0,1.0,1.0,1.0,1.0
low-noise_12,lof,0.2497142857142857,0.4164444444444444,0.6242021174916861,0.5529674603174604,0.0888784321678987
low-noise_12,ocsvm,1.0,1.0,1.0,1.0,1.0
