Data,Alg.,adj_Patn,adj_maxf1,adj_ap,auc,AMI
low-noise_18,sdo,1.0,1.0,1.0,1.0,1.0
low-noise_18,abod,1.0,1.0,1.0,1.0,0.9795523117807653
low-noise_18,hbos,0.9031043121149896,0.9408728448275862,0.9946522627491853,0.9914073921971251,0.7755606559297396
low-noise_18,iforest,1.0,1.0,1.0,1.0,1.0
low-noise_18,knn,1.0,1.0,1.0,1.0,1.0
low-noise_18,lof,0.3104632443531828,0.4948998500749625,0.7114611116904214,0.6755540041067761,0.10881739157778922
low-noise_18,ocsvm,0.9932398357289527,0.9966094747682801,0.9999721993961681,0.9994340862422997,0.9735259688228435
