Data,Alg.,adj_Patn,adj_maxf1,adj_ap,auc,AMI
low-noise_3,sdo,1.0,1.0,1.0,1.0,1.0
low-noise_3,abod,1.0,1.0,1.0,1.0,0.9920551474837034
low-noise_3,hbos,1.0,1.0,1.0,1.0,1.0
low-noise_3,iforest,1.0,1.0,1.0,1.0,1.0
low-noise_3,knn,1.0,1.0,1.0,1.0,1.0
low-noise_3,lof,0.1118728731942215,0.2537700934579439,0.46818305650534947,0.5578057784911717,0.015475984913868045
low-noise_3,ocsvm,0.9981948635634029,0.9990967068273092,0.9999971025097325,0.9983948635634029,0.9913396041972493
