Data,Alg.,adj_Patn,adj_maxf1,adj_ap,auc,AMI
low-noise_19,sdo,1.0,1.0,1.0,1.0,1.0
low-noise_19,abod,1.0,1.0,1.0,1.0,1.0
low-noise_19,hbos,0.9612753709198812,0.9777825301204819,0.9992718489584876,0.9947783382789317,0.9288121682213782
low-noise_19,iforest,1.0,1.0,1.0,1.0,1.0
low-noise_19,knn,1.0,1.0,1.0,1.0,1.0
low-noise_19,lof,-0.0017893175074183976,0.10644119224097146,0.24003628303619506,0.4296863501483679,-0.00022235242603474873
low-noise_19,ocsvm,0.9764284866468842,0.9880905547226387,0.9997360016143316,0.9812961424332344,0.9205070493434849
