Data,Alg.,adj_Patn,adj_maxf1,adj_ap,auc,AMI
low-noise_17,sdo,1.0,1.0,1.0,1.0,1.0
low-noise_17,abod,1.0,1.0,1.0,1.0,0.9953958019954932
low-noise_17,hbos,0.7226833922261484,0.7711177570093458,0.9381254717400692,0.9781003533568904,0.5492761250034591
low-noise_17,iforest,1.0,1.0,1.0,1.0,1.0
low-noise_17,knn,1.0,1.0,1.0,1.0,1.0
low-noise_17,lof,0.1562494699646643,0.3052482065997131,0.5240077657240833,0.5435798586572438,0.02998870844365259
low-noise_17,ocsvm,0.990166077738516,0.9950612244897958,0.9999477534045413,0.9981190812720847,0.9627434914103687
