Data,Alg.,adj_Patn,adj_maxf1,adj_ap,auc,AMI
low-noise_16,sdo,1.0,1.0,1.0,1.0,1.0
low-noise_16,abod,1.0,1.0,1.0,1.0,1.0
low-noise_16,hbos,0.6096278074866309,0.7648966183574879,0.9243459223384916,0.9461991978609626,0.6168529408407514
low-noise_16,iforest,0.9723358288770053,0.98062036412677,0.9995577035112986,0.9995954545454546,0.9081330807543828
low-noise_16,knn,1.0,1.0,1.0,1.0,1.0
low-noise_16,lof,0.09015614973262032,0.21940740740740738,0.4438903954693357,0.5382534759358288,0.011515118909928637
low-noise_16,ocsvm,0.8171090909090909,0.8924350877192982,0.9835067587133496,0.9206834224598931,0.599375161432988
