Data,Alg.,adj_Patn,adj_maxf1,adj_ap,auc,AMI
low-noise_6,sdo,1.0,1.0,1.0,1.0,1.0
low-noise_6,abod,1.0,1.0,1.0,1.0,0.9711730904527753
low-noise_6,hbos,0.9926555555555556,0.9944820869565217,0.9998444948493838,0.9998388888888889,0.9795043135478502
low-noise_6,iforest,1.0,1.0,1.0,1.0,1.0
low-noise_6,knn,1.0,1.0,1.0,1.0,1.0
low-noise_6,lof,0.3426722222222222,0.5231476070528968,0.7304429672019701,0.631407638888889,0.1588746187905106
low-noise_6,ocsvm,0.9963277777777778,0.9981606956521739,0.9999872492283951,0.9998118055555555,0.9855247408349616
