Data,Alg.,adj_Patn,adj_maxf1,adj_ap,auc,AMI
low-noise_8,sdo,1.0,1.0,1.0,1.0,1.0
low-noise_8,abod,1.0,1.0,1.0,1.0,0.9814716068696142
low-noise_8,hbos,0.8731369863013698,0.9182922800718133,0.9881109216440396,0.9967917808219178,0.8114318819868959
low-noise_8,iforest,0.9963753424657534,0.9981907692307692,0.9999875867892662,0.9999993150684932,0.985661389045333
low-noise_8,knn,1.0,1.0,1.0,1.0,1.0
low-noise_8,lof,0.38018356164383565,0.5617762711864407,0.7655003025659888,0.6761698630136985,0.17563100488684089
low-noise_8,ocsvm,0.9637534246575342,0.9815609756097561,0.9993101364788373,0.9988897260273972,0.8975402184327651
