Data,Alg.,adj_Patn,adj_maxf1,adj_ap,auc,AMI
low-noise_20,sdo,1.0,1.0,1.0,1.0,1.0
low-noise_20,abod,1.0,1.0,1.0,1.0,0.9511149318306944
low-noise_20,hbos,1.0,1.0,1.0,1.0,1.0
low-noise_20,iforest,1.0,1.0,1.0,1.0,1.0
low-noise_20,knn,1.0,1.0,1.0,1.0,1.0
low-noise_20,lof,0.4437247232472325,0.622178947368421,0.8161879898008919,0.7313476014760147,0.2393297048629729
low-noise_20,ocsvm,1.0,1.0,1.0,1.0,1.0
