Data,Alg.,adj_Patn,adj_maxf1,adj_ap,auc,AMI
low-noise_11,sdo,1.0,1.0,1.0,1.0,1.0
low-noise_11,abod,1.0,1.0,1.0,1.0,0.9869778933015523
low-noise_11,hbos,0.9459795918367347,0.955418947368421,0.9971153015569274,0.9987619047619049,0.8578411555658645
low-noise_11,iforest,1.0,1.0,1.0,1.0,1.0
low-noise_11,knn,1.0,1.0,1.0,1.0,1.0
low-noise_11,lof,0.355356462585034,0.5366132029339854,0.7430093261824585,0.6759190476190475,0.1607841644125053
low-noise_11,ocsvm,0.9927972789115647,0.9963863481228669,0.9999632096157633,0.9995469387755103,0.9739028366900908
