Data,Alg.,adj_Patn,adj_maxf1,adj_ap,auc,AMI
low-noise_13,sdo,1.0,1.0,1.0,1.0,1.0
low-noise_13,abod,1.0,1.0,1.0,1.0,0.9960828208698473
low-noise_13,hbos,0.732803840877915,0.8395880000000001,0.9632634715247482,0.9666661179698217,0.5861682345002498
low-noise_13,iforest,0.9575629629629631,0.9647938547486032,0.998389914901388,0.9983733882030179,0.8701818445768664
low-noise_13,knn,1.0,1.0,1.0,1.0,1.0
low-noise_13,lof,0.1135374485596708,0.22127551487414193,0.4524272583803296,0.5339486968449931,0.01660833191365001
low-noise_13,ocsvm,0.5630556927297669,0.6206852105778647,0.8306432788383274,0.9070587105624144,0.2862804674402619
