Data,Alg.,adj_Patn,adj_maxf1,adj_ap,auc,AMI
low-noise_7,sdo,1.0,1.0,1.0,1.0,1.0
low-noise_7,abod,1.0,1.0,1.0,1.0,0.9688873551923065
low-noise_7,hbos,0.9976678038379531,0.998835143769968,0.9999900439751617,0.9999991471215353,0.9895818439645405
low-noise_7,iforest,1.0,1.0,1.0,1.0,1.0
low-noise_7,knn,1.0,1.0,1.0,1.0,1.0
low-noise_7,lof,0.14874840085287847,0.30012097902097906,0.5105947949304562,0.5721219616204691,0.033148722044453655
low-noise_7,ocsvm,1.0,1.0,1.0,1.0,1.0
