Data,Alg.,adj_Patn,adj_maxf1,adj_ap,auc,AMI
low-noise_15,sdo,1.0,1.0,1.0,1.0,1.0
low-noise_15,abod,1.0,1.0,1.0,1.0,0.9947794124373678
low-noise_15,hbos,0.8993229122055674,0.9420633596392334,0.994199326956737,0.991991862955032,0.7549367405709911
low-noise_15,iforest,1.0,1.0,1.0,1.0,1.0
low-noise_15,knn,1.0,1.0,1.0,1.0,1.0
low-noise_15,lof,0.22033790149892937,0.37991744966442953,0.5997793879983564,0.6181554603854389,0.06389648864028645
low-noise_15,ocsvm,0.9578561027837259,0.9785139737991266,0.999132074954255,0.9982895074946467,0.877414183214171
