Data,Alg.,adj_Patn,adj_maxf1,adj_ap,auc,AMI
low-noise_9,sdo,1.0,1.0,1.0,1.0,1.0
low-noise_9,abod,1.0,1.0,1.0,1.0,0.9938353860251555
low-noise_9,hbos,0.8320065934065934,0.8853376281112738,0.9814551795912425,0.9842648351648352,0.7361663319738876
low-noise_9,iforest,1.0,1.0,1.0,1.0,1.0
low-noise_9,knn,1.0,1.0,1.0,1.0,1.0
low-noise_9,lof,0.21308351648351648,0.3786603036876356,0.5900695629129054,0.562232967032967,0.0609980427620973
low-noise_9,ocsvm,0.9764219780219779,0.9880800000000001,0.9997066241562409,0.997251098901099,0.9263615286660448
