Data,Alg.,adj_Patn,adj_maxf1,adj_ap,auc,AMI
low-noise_14,sdo,1.0,1.0,1.0,1.0,1.0
low-noise_14,abod,1.0,1.0,1.0,1.0,0.9927598439459134
low-noise_14,hbos,0.9857346260387811,0.9928225783972126,0.9999008421525678,0.9992562326869806,0.9663007499724665
low-noise_14,iforest,1.0,1.0,1.0,1.0,1.0
low-noise_14,knn,1.0,1.0,1.0,1.0,1.0
low-noise_14,lof,0.0030088642659279546,0.11755082448979592,0.27688126214674186,0.46514542936288095,2.629365472209752e-05
low-noise_14,ocsvm,1.0,1.0,1.0,1.0,1.0
